placeId,title,date
ChIJ2e8HZ6NDfDkRkUrerO47Hs0,The Ananta school,2026-04-27
ChIJ11Ye_rpCfDkRfKhplXft1-U,Abhisar Public School,2026-04-27
ChIJz4voh_dpfDkR3NdqRhqFJQM,Admirable school,2026-04-28
ChIJQ5Dj7AxDfDkRIMimP0Mphbk,The Babylon International School Bhopal -Best CBSE School in Bhopal | Top 5 CBSE School in Bhopal,2026-04-30
ChIJc4hnYSxofDkRBq8Kwm6a-Ho,Maple Public School,2026-05-01
ChIJ-XsNMppDfDkRrno-65pZSIo,Echoes,2026-05-01
ChIJaTSpeWlDfDkRUR26O-UvwcQ,Mantar Restaurant - Bhopal,2026-05-01
ChIJHwHsD69CfDkRISpzZyD9D0o,The Lake City Socialite (Thus Urban Socialite),2026-05-01
ChIJYWfcqa9CfDkRMWXRs0G_eAc,Bhopal Express,2026-05-01
ChIJuYwopdJDfDkRXIncZBG4EdA,Zauq,2026-05-01
ChIJHWiC1mdCfDkR4hGF69Y3a_A,SKY 55,2026-05-01
ChIJ0znzOQpnfDkRZRCzLO68jiI,Za-Aiqa,2026-05-01
ChIJg0zMQ_hDfDkRnx9CrHIb38c,Under The Mango Tree,2026-05-01
ChIJz8myvx9pfDkRroga4YHhw2I,Wazwan Restaurant,2026-05-01
ChIJg2LIpJlDfDkRJxSRWY_rbZc,Fusion Cafe,2026-05-01
ChIJwZgYfqxDfDkR97je-KKqH1g,Boscos,2026-05-01
ChIJGc1dkCdDfDkRPBNkd_pU934,Polka Restaurant,2026-05-01
ChIJ9Xc4gk5dfDkRijHgbexziHI,Under the jamun tree restaurant,2026-05-01
ChIJW0ZxA61CfDkR4HczTE4FzR8,Wind And Waves Restaurant,2026-05-01
ChIJpTTUZqtDfDkRo-YtCjKaF5w,Latitude Cafe & Restro,2026-05-01
ChIJ02l88GdDfDkR8WodAclUHH4,Romeo Lane,2026-05-01
ChIJE_IT-f1pfDkRUTjtDqRyH80,Cedar Café & Bistro,2026-05-01
ChIJq6qqqlNCfDkRiARzC_iuE-4,Hotel Shikha -Hotel in Azad Market |Best & Top Veg Food |Best Family Restaurant in Bhopal,2026-05-02
ChIJ_94h7o5DfDkRHk--bsdHGdk,Countryside Culture,2026-05-02
ChIJRTjRsmBCfDkRk3AP1RBAn5Y,10 Downing Street,2026-05-02
ChIJo_8jLyVofDkRUdRAMGVjilI,Zam Zam Fast Food,2026-05-02
ChIJz9XL069CfDkRhS7IWfRaeSY,Shahnama,2026-05-02
ChIJ2009u2FDfDkRuiDYkCXO8QU,"Dhaba Estd 1986 Delhi, Bhopal",2026-05-07
ChIJ64mmpxZDfDkRb4SbKwlLaaw,Flying Saucer Bhopal,2026-05-11
ChIJWyEZPI5DfDkRVKBlHZtS75k,Sherwoods - Multi Cuisine Restaurant and Bar,2026-05-14
ChIJh_xZYZVDfDkRiKuoNzTvQVc,Ivoryy Bhopal,2026-05-30
ChIJ093HMm5DfDkRF6vY-rIqV2g,Qavalli Bhopal,2026-06-13
ChIJo_ykxF9DfDkRzE5Vc2UTgDI,Juhnuhnee,2026-06-17
ChIJBWbZ9jRDfDkRTUlK3TvwCOM,Tulipe,2026-06-22
ChIJ2Z7MW8BpfDkRLilnKB6i24s,Darbar-e-bhopal,2026-06-23
ChIJJ4l7Z0ZDfDkRrq1V9WWj-_U,Hakeem Restaurant,2026-07-01
ChIJUdJXUQBDfDkRf0Pc1WZrYR0,"Farzi Cafe, Bhopal",2026-07-10
ChIJWyuf9pJpfDkRt0EcQ_bL4oY,Shahi Pind - The Royal Taste of Punjab,2026-07-14
ChIJJz429sxDfDkR-kZJZBaLgRg,DROPOUT,2026-07-18
ChIJ2w3KVd1nfDkR-01Ubtp2-EE,Vatika the family Restaurant,2026-07-19
ChIJnwmsOQBpfDkR5JpFZF9QyUk,Lime N Chilli - Best Restaurant for Dining in Bhopal | Restaurant Near Peoples Mall | Veg Restaurants in Bhanpur Bhopal,2026-08-01
ChIJU4Or861DfDkRcWhOhj-ZEM0,D-RUNCH - Restaurant,2026-08-11
ChIJb92BbgBDfDkR8ZvRHFLYC0Y,Mantar restaurant,2026-09-02
